ISO,ISO3,ISO_Code,FIPS,Display_Name,Official_Name,Capital,Continent,CurrencyCode,CurrencyName,Phone,Region_Code,Region_Name,Sub_region_Code,Sub_region_Name,Intermediate_Region_Code,Intermediate_Region_Name,Status,Developed_or_Developing,Small_Island_Developing_States,Land_Locked_Developing_Countries,Least_Developed_Countries,Area_SqKm,Population
AF,AFG,4.0,AF,Afghanistan,Afghanistan,Kabul,Asia,AFN,Afghani,93,142.0,Asia,34.0,Southern Asia,,,Independent,Developing,,True,True,647500.0,29121286.0
AX,ALA,248.0,,Aland Islands,ÃÂÃÂÃÂÃÂland Islands,Mariehamn,Europe,EUR,Euro,340,150.0,Europe,154.0,Northern Europe,,,Part of FI,Developed,,,,1580.0,26711.0
AL,ALB,8.0,AL,Albania,Albania,Tirana,Europe,ALL,Lek,355,150.0,Europe,39.0,Southern Europe,,,Independent,Developed,,,,28748.0,2986952.0
DZ,DZA,12.0,AG,Algeria,Algeria,Algiers,Africa,DZD,Dinar,213,2.0,Africa,15.0,Northern Africa,,,Independent,Developing,,,,2381740.0,34586184.0
AS,ASM,16.0,AQ,American Samoa,American Samoa,Pago Pago,Oceania,USD,Dollar,-683,9.0,Oceania,61.0,Polynesia,,,Territory of US,Developing,True,,,199.0,57881.0
AD,AND,20.0,AN,Andorra,Andorra,Andorra la Vella,Europe,EUR,Euro,376,150.0,Europe,39.0,Southern Europe,,,Independent,Developed,,,,468.0,84000.0
AO,AGO,24.0,AO,Angola,Angola,Luanda,Africa,AOA,Kwanza,244,2.0,Africa,202.0,Sub-Saharan Africa,17.0,Middle Africa,Independent,Developing,,,True,1246700.0,13068161.0
AI,AIA,660.0,AV,Anguilla,Anguilla,The Valley,North America,XCD,Dollar,-263,19.0,Americas,419.0,Latin America and the Caribbean,29.0,Caribbean,Territory of GB,Developing,True,,,102.0,13254.0
AQ,ATA,10.0,AY,Antarctica,Antarctica,,Antarctica,,,,,,,,,,International,,,,,14000000.0,0.0
AG,ATG,28.0,AC,Antigua and Barbuda,Antigua and Barbuda,St. John's,North America,XCD,Dollar,-267,19.0,Americas,419.0,Latin America and the Caribbean,29.0,Caribbean,Independent,Developing,True,,,443.0,86754.0
AR,ARG,32.0,AR,Argentina,Argentina,Buenos Aires,South America,ARS,Peso,54,19.0,Americas,419.0,Latin America and the Caribbean,5.0,South America,Independent,Developing,,,,2766890.0,41343201.0
AM,ARM,51.0,AM,Armenia,Armenia,Yerevan,Asia,AMD,Dram,374,142.0,Asia,145.0,Western Asia,,,Independent,Developing,,True,,29800.0,2968000.0
AW,ABW,533.0,AA,Aruba,Aruba,Oranjestad,North America,AWG,Guilder,297,19.0,Americas,419.0,Latin America and the Caribbean,29.0,Caribbean,Part of NL,Developing,True,,,193.0,71566.0
AU,AUS,36.0,AS,Australia,Australia,Canberra,Oceania,AUD,Dollar,61,9.0,Oceania,53.0,Australia and New Zealand,,,Independent,Developed,,,,7686850.0,21515754.0
AT,AUT,40.0,AU,Austria,Austria,Vienna,Europe,EUR,Euro,43,150.0,Europe,155.0,Western Europe,,,Independent,Developed,,,,83858.0,8205000.0
AZ,AZE,31.0,AJ,Azerbaijan,Azerbaijan,Baku,Asia,AZN,Manat,994,142.0,Asia,145.0,Western Asia,,,Independent,Developing,,True,,86600.0,8303512.0
BS,BHS,44.0,BF,Bahamas,Bahamas,Nassau,North America,BSD,Dollar,-241,19.0,Americas,419.0,Latin America and the Caribbean,29.0,Caribbean,Independent,Developing,True,,,13940.0,301790.0
BH,BHR,48.0,BA,Bahrain,Bahrain,Manama,Asia,BHD,Dinar,973,142.0,Asia,145.0,Western Asia,,,Independent,Developing,,,,665.0,738004.0
BD,BGD,50.0,BG,Bangladesh,Bangladesh,Dhaka,Asia,BDT,Taka,880,142.0,Asia,34.0,Southern Asia,,,Independent,Developing,,,True,144000.0,156118464.0
BB,BRB,52.0,BB,Barbados,Barbados,Bridgetown,North America,BBD,Dollar,-245,19.0,Americas,419.0,Latin America and the Caribbean,29.0,Caribbean,Independent,Developing,True,,,431.0,285653.0
BY,BLR,112.0,BO,Belarus,Belarus,Minsk,Europe,BYN,Belarusian ruble,375,150.0,Europe,151.0,Eastern Europe,,,Independent,Developed,,,,207600.0,9685000.0
BE,BEL,56.0,BE,Belgium,Belgium,Brussels,Europe,EUR,Euro,32,150.0,Europe,155.0,Western Europe,,,Independent,Developed,,,,30510.0,10403000.0
BZ,BLZ,84.0,BH,Belize,Belize,Belmopan,North America,BZD,Dollar,501,19.0,Americas,419.0,Latin America and the Caribbean,13.0,Central America,Independent,Developing,True,,,22966.0,314522.0
BJ,BEN,204.0,BN,Benin,Benin,Porto-Novo,Africa,XOF,Franc,229,2.0,Africa,202.0,Sub-Saharan Africa,11.0,Western Africa,Independent,Developing,,,True,112620.0,9056010.0
BM,BMU,60.0,BD,Bermuda,Bermuda,Hamilton,North America,BMD,Dollar,-440,19.0,Americas,21.0,Northern America,,,Territory of GB,Developed,,,,53.0,65365.0
BT,BTN,64.0,BT,Bhutan,Bhutan,Thimphu,Asia,BTN,Ngultrum,975,142.0,Asia,34.0,Southern Asia,,,Independent,Developing,,True,True,47000.0,699847.0
BO,BOL,68.0,BL,Bolivia,Bolivia (Plurinational State of),Sucre,South America,BOB,Boliviano,591,19.0,Americas,419.0,Latin America and the Caribbean,5.0,South America,Independent,Developing,,True,,1098580.0,9947418.0
BQ,BES,535.0,,"Bonaire, Saint Eustatius and Saba ","Bonaire, Sint Eustatius and Saba",,North America,USD,Dollar,599,19.0,Americas,419.0,Latin America and the Caribbean,29.0,Caribbean,Part of NL,Developing,True,,,328.0,18012.0
BA,BIH,70.0,BK,Bosnia and Herzegovina,Bosnia and Herzegovina,Sarajevo,Europe,BAM,Marka,387,150.0,Europe,39.0,Southern Europe,,,Independent,Developed,,,,51129.0,4590000.0
BW,BWA,72.0,BC,Botswana,Botswana,Gaborone,Africa,BWP,Pula,267,2.0,Africa,202.0,Sub-Saharan Africa,18.0,Southern Africa,Independent,Developing,,True,,600370.0,2029307.0
BV,BVT,74.0,BV,Bouvet Island,Bouvet Island,,Antarctica,NOK,Krone,,19.0,Americas,419.0,Latin America and the Caribbean,5.0,South America,Territory of NO,Developing,,,,49.0,0.0
BR,BRA,76.0,BR,Brazil,Brazil,Brasilia,South America,BRL,Real,55,19.0,Americas,419.0,Latin America and the Caribbean,5.0,South America,Independent,Developing,,,,8511965.0,201103330.0
IO,IOT,86.0,IO,British Indian Ocean Territory,British Indian Ocean Territory,Diego Garcia,Asia,USD,Dollar,246,2.0,Africa,202.0,Sub-Saharan Africa,14.0,Eastern Africa,Territory of GB,Developing,,,,60.0,4000.0
VG,VGB,92.0,VI,British Virgin Islands,British Virgin Islands,Road Town,North America,USD,Dollar,-283,19.0,Americas,419.0,Latin America and the Caribbean,29.0,Caribbean,Territory of GB,Developing,True,,,153.0,21730.0
BN,BRN,96.0,BX,Brunei,Brunei Darussalam,Bandar Seri Begawan,Asia,BND,Dollar,673,142.0,Asia,35.0,South-eastern Asia,,,Independent,Developing,,,,5770.0,395027.0
BG,BGR,100.0,BU,Bulgaria,Bulgaria,Sofia,Europe,BGN,Lev,359,150.0,Europe,151.0,Eastern Europe,,,Independent,Developed,,,,110910.0,7148785.0
BF,BFA,854.0,UV,Burkina Faso,Burkina Faso,Ouagadougou,Africa,XOF,Franc,226,2.0,Africa,202.0,Sub-Saharan Africa,11.0,Western Africa,Independent,Developing,,True,True,274200.0,16241811.0
BI,BDI,108.0,BY,Burundi,Burundi,Bujumbura,Africa,BIF,Franc,257,2.0,Africa,202.0,Sub-Saharan Africa,14.0,Eastern Africa,Independent,Developing,,True,True,27830.0,9863117.0
KH,KHM,116.0,CB,Cambodia,Cambodia,Phnom Penh,Asia,KHR,Riels,855,142.0,Asia,35.0,South-eastern Asia,,,Independent,Developing,,,True,181040.0,14453680.0
CM,CMR,120.0,CM,Cameroon,Cameroon,Yaounde,Africa,XAF,Franc,237,2.0,Africa,202.0,Sub-Saharan Africa,17.0,Middle Africa,Independent,Developing,,,,475440.0,19294149.0
CA,CAN,124.0,CA,Canada,Canada,Ottawa,North America,CAD,Dollar,1,19.0,Americas,21.0,Northern America,,,Independent,Developed,,,,9984670.0,33679000.0
CV,CPV,132.0,CV,Cape Verde,Cabo Verde,Praia,Africa,CVE,Escudo,238,2.0,Africa,202.0,Sub-Saharan Africa,11.0,Western Africa,Independent,Developing,True,,,4033.0,508659.0
KY,CYM,136.0,CJ,Cayman Islands,Cayman Islands,George Town,North America,KYD,Dollar,-344,19.0,Americas,419.0,Latin America and the Caribbean,29.0,Caribbean,Territory of GB,Developing,,,,262.0,44270.0
CF,CAF,140.0,CT,Central African Republic,Central African Republic,Bangui,Africa,XAF,Franc,236,2.0,Africa,202.0,Sub-Saharan Africa,17.0,Middle Africa,Independent,Developing,,True,True,622984.0,4844927.0
TD,TCD,148.0,CD,Chad,Chad,N'Djamena,Africa,XAF,Franc,235,2.0,Africa,202.0,Sub-Saharan Africa,17.0,Middle Africa,Independent,Developing,,True,True,1284000.0,10543464.0
CL,CHL,152.0,CI,Chile,Chile,Santiago,South America,CLP,Peso,56,19.0,Americas,419.0,Latin America and the Caribbean,5.0,South America,Independent,Developing,,,,756950.0,16746491.0
CN,CHN,156.0,CH,China,China,Beijing,Asia,CNY,Yuan Renminbi,86,142.0,Asia,30.0,Eastern Asia,,,Independent,Developing,,,,9596960.0,1330044000.0
CX,CXR,162.0,KT,Christmas Island,Christmas Island,Flying Fish Cove,Oceania,AUD,Dollar,61,9.0,Oceania,53.0,Australia and New Zealand,,,Territory of AU,Developed,,,,135.0,1500.0
CC,CCK,166.0,CK,Cocos Islands,Cocos (Keeling) Islands,West Island,Asia,AUD,Dollar,61,9.0,Oceania,53.0,Australia and New Zealand,,,Territory of AU,Developed,,,,14.0,628.0
CO,COL,170.0,CO,Colombia,Colombia,Bogota,South America,COP,Peso,57,19.0,Americas,419.0,Latin America and the Caribbean,5.0,South America,Independent,Developing,,,,1138910.0,47790000.0
KM,COM,174.0,CN,Comoros,Comoros,Moroni,Africa,KMF,Franc,269,2.0,Africa,202.0,Sub-Saharan Africa,14.0,Eastern Africa,Independent,Developing,True,,True,2170.0,773407.0
CK,COK,184.0,CW,Cook Islands,Cook Islands,Avarua,Oceania,NZD,Dollar,682,9.0,Oceania,61.0,Polynesia,,,Associated with NZ,Developing,True,,,240.0,21388.0
CR,CRI,188.0,CS,Costa Rica,Costa Rica,San Jose,North America,CRC,Colon,506,19.0,Americas,419.0,Latin America and the Caribbean,13.0,Central America,Independent,Developing,,,,51100.0,4516220.0
HR,HRV,191.0,HR,Croatia,Croatia,Zagreb,Europe,HRK,Kuna,385,150.0,Europe,39.0,Southern Europe,,,Independent,Developed,,,,56542.0,4284889.0
CU,CUB,192.0,CU,Cuba,Cuba,Havana,North America,CUP,Peso,53,19.0,Americas,419.0,Latin America and the Caribbean,29.0,Caribbean,Independent,Developing,True,,,110860.0,11423000.0
CW,CUW,531.0,UC,Curacao,CuraÃÂÃÂÃÂÃÂ§ao, Willemstad,North America,ANG,Guilder,599,19.0,Americas,419.0,Latin America and the Caribbean,29.0,Caribbean,Part of NL,Developing,True,,,444.0,141766.0
CY,CYP,196.0,CY,Cyprus,Cyprus,Nicosia,Europe,EUR,Euro,357,142.0,Asia,145.0,Western Asia,,,Independent,Developed,,,,9250.0,1102677.0
CZ,CZE,203.0,EZ,Czechia,Czechia,Prague,Europe,CZK,Koruna,420,150.0,Europe,151.0,Eastern Europe,,,Independent,Developed,,,,78866.0,10476000.0
CD,COD,180.0,CG,Democratic Republic of the Congo,Democratic Republic of the Congo,Kinshasa,Africa,CDF,Franc,243,2.0,Africa,202.0,Sub-Saharan Africa,17.0,Middle Africa,Independent,Developing,,,True,2345410.0,70916439.0
DK,DNK,208.0,DA,Denmark,Denmark,Copenhagen,Europe,DKK,Krone,45,150.0,Europe,154.0,Northern Europe,,,Independent,Developed,,,,43094.0,5484000.0
DJ,DJI,262.0,DJ,Djibouti,Djibouti,Djibouti,Africa,DJF,Franc,253,2.0,Africa,202.0,Sub-Saharan Africa,14.0,Eastern Africa,Independent,Developing,,,True,23000.0,740528.0
DM,DMA,212.0,DO,Dominica,Dominica,Roseau,North America,XCD,Dollar,-766,19.0,Americas,419.0,Latin America and the Caribbean,29.0,Caribbean,Independent,Developing,True,,,754.0,72813.0
DO,DOM,214.0,DR,Dominican Republic,Dominican Republic,Santo Domingo,North America,DOP,Peso,+1-809 and 1-829,19.0,Americas,419.0,Latin America and the Caribbean,29.0,Caribbean,Independent,Developing,True,,,48730.0,9823821.0
EC,ECU,218.0,EC,Ecuador,Ecuador,Quito,South America,USD,Dollar,593,19.0,Americas,419.0,Latin America and the Caribbean,5.0,South America,Independent,Developing,,,,283560.0,14790608.0
EG,EGY,818.0,EG,Egypt,Egypt,Cairo,Africa,EGP,Pound,20,2.0,Africa,15.0,Northern Africa,,,Independent,Developing,,,,1001450.0,80471869.0
SV,SLV,222.0,ES,El Salvador,El Salvador,San Salvador,North America,USD,Dollar,503,19.0,Americas,419.0,Latin America and the Caribbean,13.0,Central America,Independent,Developing,,,,21040.0,6052064.0
GQ,GNQ,226.0,EK,Equatorial Guinea,Equatorial Guinea,Malabo,Africa,XAF,Franc,240,2.0,Africa,202.0,Sub-Saharan Africa,17.0,Middle Africa,Independent,Developing,,,,28051.0,1014999.0
ER,ERI,232.0,ER,Eritrea,Eritrea,Asmara,Africa,ERN,Nakfa,291,2.0,Africa,202.0,Sub-Saharan Africa,14.0,Eastern Africa,Independent,Developing,,,True,121320.0,5792984.0
EE,EST,233.0,EN,Estonia,Estonia,Tallinn,Europe,EUR,Euro,372,150.0,Europe,154.0,Northern Europe,,,Independent,Developed,,,,45226.0,1291170.0
ET,ETH,231.0,ET,Ethiopia,Ethiopia,Addis Ababa,Africa,ETB,Birr,251,2.0,Africa,202.0,Sub-Saharan Africa,14.0,Eastern Africa,Independent,Developing,,True,True,1127127.0,88013491.0
FK,FLK,238.0,FK,Falkland Islands,Falkland Islands (Malvinas),Stanley,South America,FKP,Pound,500,19.0,Americas,419.0,Latin America and the Caribbean,5.0,South America,Territory of GB,Developing,,,,12173.0,2638.0
FO,FRO,234.0,FO,Faroe Islands,Faroe Islands,Torshavn,Europe,DKK,Krone,298,150.0,Europe,154.0,Northern Europe,,,Part of DK,Developed,,,,1399.0,48228.0
FJ,FJI,242.0,FJ,Fiji,Fiji,Suva,Oceania,FJD,Dollar,679,9.0,Oceania,54.0,Melanesia,,,Independent,Developing,True,,,18270.0,875983.0
FI,FIN,246.0,FI,Finland,Finland,Helsinki,Europe,EUR,Euro,358,150.0,Europe,154.0,Northern Europe,,,Independent,Developed,,,,337030.0,5244000.0
FR,FRA,250.0,FR,France,France,Paris,Europe,EUR,Euro,33,150.0,Europe,155.0,Western Europe,,,Independent,Developed,,,,547030.0,64768389.0
GF,GUF,254.0,FG,French Guiana,French Guiana,Cayenne,South America,EUR,Euro,594,19.0,Americas,419.0,Latin America and the Caribbean,5.0,South America,Part of FR,Developing,,,,91000.0,195506.0
PF,PYF,258.0,FP,French Polynesia,French Polynesia,Papeete,Oceania,XPF,Franc,689,9.0,Oceania,61.0,Polynesia,,,Territory of FR,Developing,True,,,4167.0,270485.0
TF,ATF,260.0,FS,French Southern Territories,French Southern Territories,Port-aux-Francais,Antarctica,EUR,Euro  ,,2.0,Africa,202.0,Sub-Saharan Africa,14.0,Eastern Africa,Territory of FR,Developing,,,,7829.0,140.0
GA,GAB,266.0,GB,Gabon,Gabon,Libreville,Africa,XAF,Franc,241,2.0,Africa,202.0,Sub-Saharan Africa,17.0,Middle Africa,Independent,Developing,,,,267667.0,1545255.0
GM,GMB,270.0,GA,Gambia,Gambia,Banjul,Africa,GMD,Dalasi,220,2.0,Africa,202.0,Sub-Saharan Africa,11.0,Western Africa,Independent,Developing,,,True,11300.0,1593256.0
GE,GEO,268.0,GG,Georgia,Georgia,Tbilisi,Asia,GEL,Lari,995,142.0,Asia,145.0,Western Asia,,,Independent,Developing,,,,69700.0,4630000.0
DE,DEU,276.0,GM,Germany,Germany,Berlin,Europe,EUR,Euro,49,150.0,Europe,155.0,Western Europe,,,Independent,Developed,,,,357021.0,81802257.0
GH,GHA,288.0,GH,Ghana,Ghana,Accra,Africa,GHS,Cedi,233,2.0,Africa,202.0,Sub-Saharan Africa,11.0,Western Africa,Independent,Developing,,,,239460.0,24339838.0
GI,GIB,292.0,GI,Gibraltar,Gibraltar,Gibraltar,Europe,GIP,Pound,350,150.0,Europe,39.0,Southern Europe,,,Territory of GB,Developed,,,,6.5,27884.0
GR,GRC,300.0,GR,Greece,Greece,Athens,Europe,EUR,Euro,30,150.0,Europe,39.0,Southern Europe,,,Independent,Developed,,,,131940.0,11000000.0
GL,GRL,304.0,GL,Greenland,Greenland,Nuuk,North America,DKK,Krone,299,19.0,Americas,21.0,Northern America,,,Part of DK,Developed,,,,2166086.0,56375.0
GD,GRD,308.0,GJ,Grenada,Grenada,St. George's,North America,XCD,Dollar,-472,19.0,Americas,419.0,Latin America and the Caribbean,29.0,Caribbean,Independent,Developing,True,,,344.0,107818.0
GP,GLP,312.0,GP,Guadeloupe,Guadeloupe,Basse-Terre,North America,EUR,Euro,590,19.0,Americas,419.0,Latin America and the Caribbean,29.0,Caribbean,Part of FR,Developing,,,,1780.0,443000.0
GU,GUM,316.0,GQ,Guam,Guam,Hagatna,Oceania,USD,Dollar,-670,9.0,Oceania,57.0,Micronesia,,,Territory of US,Developing,True,,,549.0,159358.0
GT,GTM,320.0,GT,Guatemala,Guatemala,Guatemala City,North America,GTQ,Quetzal,502,19.0,Americas,419.0,Latin America and the Caribbean,13.0,Central America,Independent,Developing,,,,108890.0,13550440.0
GG,GGY,831.0,GK,Guernsey,Guernsey,St Peter Port,Europe,GBP,Pound,-1437,150.0,Europe,154.0,Northern Europe,830.0,Channel Islands,Crown dependency of GB,Developed,,,,78.0,65228.0
GN,GIN,324.0,GV,Guinea,Guinea,Conakry,Africa,GNF,Franc,224,2.0,Africa,202.0,Sub-Saharan Africa,11.0,Western Africa,Independent,Developing,,,True,245857.0,10324025.0
GW,GNB,624.0,PU,Guinea-Bissau,Guinea-Bissau,Bissau,Africa,XOF,Franc,245,2.0,Africa,202.0,Sub-Saharan Africa,11.0,Western Africa,Independent,Developing,True,,True,36120.0,1565126.0
GY,GUY,328.0,GY,Guyana,Guyana,Georgetown,South America,GYD,Dollar,592,19.0,Americas,419.0,Latin America and the Caribbean,5.0,South America,Independent,Developing,True,,,214970.0,748486.0
HT,HTI,332.0,HA,Haiti,Haiti,Port-au-Prince,North America,HTG,Gourde,509,19.0,Americas,419.0,Latin America and the Caribbean,29.0,Caribbean,Independent,Developing,True,,True,27750.0,9648924.0
HM,HMD,334.0,HM,Heard Island and McDonald Islands,Heard Island and McDonald Islands,,Antarctica,AUD,Dollar, ,9.0,Oceania,53.0,Australia and New Zealand,,,Territory of AU,Developed,,,,412.0,0.0
HN,HND,340.0,HO,Honduras,Honduras,Tegucigalpa,North America,HNL,Lempira,504,19.0,Americas,419.0,Latin America and the Caribbean,13.0,Central America,Independent,Developing,,,,112090.0,7989415.0
HK,HKG,344.0,HK,Hong Kong,"China, Hong Kong Special Administrative Region",Hong Kong,Asia,HKD,Dollar,852,142.0,Asia,30.0,Eastern Asia,,,Part of CN,Developing,,,,1092.0,6898686.0
HU,HUN,348.0,HU,Hungary,Hungary,Budapest,Europe,HUF,Forint,36,150.0,Europe,151.0,Eastern Europe,,,Independent,Developed,,,,93030.0,9982000.0
IS,ISL,352.0,IC,Iceland,Iceland,Reykjavik,Europe,ISK,Krona,354,150.0,Europe,154.0,Northern Europe,,,Independent,Developed,,,,103000.0,308910.0
IN,IND,356.0,IN,India,India,New Delhi,Asia,INR,Rupee,91,142.0,Asia,34.0,Southern Asia,,,Independent,Developing,,,,3287590.0,1173108018.0
ID,IDN,360.0,ID,Indonesia,Indonesia,Jakarta,Asia,IDR,Rupiah,62,142.0,Asia,35.0,South-eastern Asia,,,Independent,Developing,,,,1919440.0,242968342.0
IR,IRN,364.0,IR,Iran,Iran (Islamic Republic of),Tehran,Asia,IRR,Rial,98,142.0,Asia,34.0,Southern Asia,,,Independent,Developing,,,,1648000.0,76923300.0
IQ,IRQ,368.0,IZ,Iraq,Iraq,Baghdad,Asia,IQD,Dinar,964,142.0,Asia,145.0,Western Asia,,,Independent,Developing,,,,437072.0,29671605.0
IE,IRL,372.0,EI,Ireland,Ireland,Dublin,Europe,EUR,Euro,353,150.0,Europe,154.0,Northern Europe,,,Independent,Developed,,,,70280.0,4622917.0
IM,IMN,833.0,IM,Isle of Man,Isle of Man,Douglas,Europe,GBP,Pound,-1580,150.0,Europe,154.0,Northern Europe,,,Crown dependency of GB,Developed,,,,572.0,75049.0
IL,ISR,376.0,IS,Israel,Israel,Jerusalem,Asia,ILS,Shekel,972,142.0,Asia,145.0,Western Asia,,,Independent,Developed,,,,20770.0,7353985.0
IT,ITA,380.0,IT,Italy,Italy,Rome,Europe,EUR,Euro,39,150.0,Europe,39.0,Southern Europe,,,Independent,Developed,,,,301230.0,60340328.0
CI,CIV,384.0,IV,Ivory Coast,CÃÂÃÂÃÂÃÂ´te d'Ivoire,Yamoussoukro,Africa,XOF,Franc,225,2.0,Africa,202.0,Sub-Saharan Africa,11.0,Western Africa,Independent,Developing,,,,322460.0,21058798.0
JM,JAM,388.0,JM,Jamaica,Jamaica,Kingston,North America,JMD,Dollar,-875,19.0,Americas,419.0,Latin America and the Caribbean,29.0,Caribbean,Independent,Developing,True,,,10991.0,2847232.0
JP,JPN,392.0,JA,Japan,Japan,Tokyo,Asia,JPY,Yen,81,142.0,Asia,30.0,Eastern Asia,,,Independent,Developed,,,,377835.0,127288000.0
JE,JEY,832.0,JE,Jersey,Jersey,Saint Helier,Europe,GBP,Pound,-1490,150.0,Europe,154.0,Northern Europe,830.0,Channel Islands,Crown dependency of GB,Developed,,,,116.0,90812.0
JO,JOR,400.0,JO,Jordan,Jordan,Amman,Asia,JOD,Dinar,962,142.0,Asia,145.0,Western Asia,,,Independent,Developing,,,,92300.0,6407085.0
KZ,KAZ,398.0,KZ,Kazakhstan,Kazakhstan,Astana,Asia,KZT,Tenge,7,142.0,Asia,143.0,Central Asia,,,Independent,Developing,,True,,2717300.0,15340000.0
KE,KEN,404.0,KE,Kenya,Kenya,Nairobi,Africa,KES,Shilling,254,2.0,Africa,202.0,Sub-Saharan Africa,14.0,Eastern Africa,Independent,Developing,,,,582650.0,40046566.0
KI,KIR,296.0,KR,Kiribati,Kiribati,Tarawa,Oceania,AUD,Dollar,686,9.0,Oceania,57.0,Micronesia,,,Independent,Developing,True,,True,811.0,92533.0
XK,XKX,0.0,KV,Kosovo,,Pristina,Europe,EUR,Euro,,150.0,Europe,39.0,Southern Europe,,,,,,,,10908.0,1800000.0
KW,KWT,414.0,KU,Kuwait,Kuwait,Kuwait City,Asia,KWD,Dinar,965,142.0,Asia,145.0,Western Asia,,,Independent,Developing,,,,17820.0,2789132.0
KG,KGZ,417.0,KG,Kyrgyzstan,Kyrgyzstan,Bishkek,Asia,KGS,Som,996,142.0,Asia,143.0,Central Asia,,,Independent,Developing,,True,,198500.0,5776500.0
LA,LAO,418.0,LA,Laos,Lao People's Democratic Republic,Vientiane,Asia,LAK,Kip,856,142.0,Asia,35.0,South-eastern Asia,,,Independent,Developing,,True,True,236800.0,6368162.0
LV,LVA,428.0,LG,Latvia,Latvia,Riga,Europe,EUR,Euro,371,150.0,Europe,154.0,Northern Europe,,,Independent,Developed,,,,64589.0,2217969.0
LB,LBN,422.0,LE,Lebanon,Lebanon,Beirut,Asia,LBP,Pound,961,142.0,Asia,145.0,Western Asia,,,Independent,Developing,,,,10400.0,4125247.0
LS,LSO,426.0,LT,Lesotho,Lesotho,Maseru,Africa,LSL,Loti,266,2.0,Africa,202.0,Sub-Saharan Africa,18.0,Southern Africa,Independent,Developing,,True,True,30355.0,1919552.0
LR,LBR,430.0,LI,Liberia,Liberia,Monrovia,Africa,LRD,Dollar,231,2.0,Africa,202.0,Sub-Saharan Africa,11.0,Western Africa,Independent,Developing,,,True,111370.0,3685076.0
LY,LBY,434.0,LY,Libya,Libya,Tripoli,Africa,LYD,Dinar,218,2.0,Africa,15.0,Northern Africa,,,Independent,Developing,,,,1759540.0,6461454.0
LI,LIE,438.0,LS,Liechtenstein,Liechtenstein,Vaduz,Europe,CHF,Franc,423,150.0,Europe,155.0,Western Europe,,,Independent,Developed,,,,160.0,35000.0
LT,LTU,440.0,LH,Lithuania,Lithuania,Vilnius,Europe,EUR,Euro,370,150.0,Europe,154.0,Northern Europe,,,Independent,Developed,,,,65200.0,2944459.0
LU,LUX,442.0,LU,Luxembourg,Luxembourg,Luxembourg,Europe,EUR,Euro,352,150.0,Europe,155.0,Western Europe,,,Independent,Developed,,,,2586.0,497538.0
MO,MAC,446.0,MC,Macao,"China, Macao Special Administrative Region",Macao,Asia,MOP,Pataca,853,142.0,Asia,30.0,Eastern Asia,,,Part of CN,Developing,,,,254.0,449198.0
MK,MKD,807.0,MK,Macedonia,The former Yugoslav Republic of Macedonia,Skopje,Europe,MKD,Denar,389,150.0,Europe,39.0,Southern Europe,,,Independent,Developed,,True,,25333.0,2062294.0
MG,MDG,450.0,MA,Madagascar,Madagascar,Antananarivo,Africa,MGA,Ariary,261,2.0,Africa,202.0,Sub-Saharan Africa,14.0,Eastern Africa,Independent,Developing,,,True,587040.0,21281844.0
MW,MWI,454.0,MI,Malawi,Malawi,Lilongwe,Africa,MWK,Kwacha,265,2.0,Africa,202.0,Sub-Saharan Africa,14.0,Eastern Africa,Independent,Developing,,True,True,118480.0,15447500.0
MY,MYS,458.0,MY,Malaysia,Malaysia,Kuala Lumpur,Asia,MYR,Ringgit,60,142.0,Asia,35.0,South-eastern Asia,,,Independent,Developing,,,,329750.0,28274729.0
MV,MDV,462.0,MV,Maldives,Maldives,Male,Asia,MVR,Rufiyaa,960,142.0,Asia,34.0,Southern Asia,,,Independent,Developing,True,,,300.0,395650.0
ML,MLI,466.0,ML,Mali,Mali,Bamako,Africa,XOF,Franc,223,2.0,Africa,202.0,Sub-Saharan Africa,11.0,Western Africa,Independent,Developing,,True,True,1240000.0,13796354.0
MT,MLT,470.0,MT,Malta,Malta,Valletta,Europe,EUR,Euro,356,150.0,Europe,39.0,Southern Europe,,,Independent,Developed,,,,316.0,403000.0
MH,MHL,584.0,RM,Marshall Islands,Marshall Islands,Majuro,Oceania,USD,Dollar,692,9.0,Oceania,57.0,Micronesia,,,Independent,Developing,True,,,181.3,65859.0
MQ,MTQ,474.0,MB,Martinique,Martinique,Fort-de-France,North America,EUR,Euro,596,19.0,Americas,419.0,Latin America and the Caribbean,29.0,Caribbean,Part of FR,Developing,,,,1100.0,432900.0
MR,MRT,478.0,MR,Mauritania,Mauritania,Nouakchott,Africa,MRO,Ouguiya,222,2.0,Africa,202.0,Sub-Saharan Africa,11.0,Western Africa,Independent,Developing,,,True,1030700.0,3205060.0
MU,MUS,480.0,MP,Mauritius,Mauritius,Port Louis,Africa,MUR,Rupee,230,2.0,Africa,202.0,Sub-Saharan Africa,14.0,Eastern Africa,Independent,Developing,True,,,2040.0,1294104.0
YT,MYT,175.0,MF,Mayotte,Mayotte,Mamoudzou,Africa,EUR,Euro,262,2.0,Africa,202.0,Sub-Saharan Africa,14.0,Eastern Africa,Part of FR,Developing,,,,374.0,159042.0
MX,MEX,484.0,MX,Mexico,Mexico,Mexico City,North America,MXN,Peso,52,19.0,Americas,419.0,Latin America and the Caribbean,13.0,Central America,Independent,Developing,,,,1972550.0,112468855.0
FM,FSM,583.0,FM,Micronesia,Micronesia (Federated States of),Palikir,Oceania,USD,Dollar,691,9.0,Oceania,57.0,Micronesia,,,Independent,Developing,True,,,702.0,107708.0
MD,MDA,498.0,MD,Moldova,Republic of Moldova,Chisinau,Europe,MDL,Leu,373,150.0,Europe,151.0,Eastern Europe,,,Independent,Developed,,True,,33843.0,4324000.0
MC,MCO,492.0,MN,Monaco,Monaco,Monaco,Europe,EUR,Euro,377,150.0,Europe,155.0,Western Europe,,,Independent,Developed,,,,1.95,32965.0
MN,MNG,496.0,MG,Mongolia,Mongolia,Ulan Bator,Asia,MNT,Tugrik,976,142.0,Asia,30.0,Eastern Asia,,,Independent,Developing,,True,,1565000.0,3086918.0
ME,MNE,499.0,MJ,Montenegro,Montenegro,Podgorica,Europe,EUR,Euro,382,150.0,Europe,39.0,Southern Europe,,,Independent,Developed,,,,14026.0,666730.0
MS,MSR,500.0,MH,Montserrat,Montserrat,Plymouth,North America,XCD,Dollar,-663,19.0,Americas,419.0,Latin America and the Caribbean,29.0,Caribbean,Territory of GB,Developing,True,,,102.0,9341.0
MA,MAR,504.0,MO,Morocco,Morocco,Rabat,Africa,MAD,Dirham,212,2.0,Africa,15.0,Northern Africa,,,Independent,Developing,,,,446550.0,33848242.0
MZ,MOZ,508.0,MZ,Mozambique,Mozambique,Maputo,Africa,MZN,Metical,258,2.0,Africa,202.0,Sub-Saharan Africa,14.0,Eastern Africa,Independent,Developing,,,True,801590.0,22061451.0
MM,MMR,104.0,BM,Myanmar,Myanmar,Nay Pyi Taw,Asia,MMK,Kyat,95,142.0,Asia,35.0,South-eastern Asia,,,Independent,Developing,,,True,678500.0,53414374.0
,NAM,516.0,WA,Namibia,Namibia,Windhoek,Africa,NAD,Dollar,264,2.0,Africa,202.0,Sub-Saharan Africa,18.0,Southern Africa,Independent,Developing,,,,825418.0,2128471.0
NR,NRU,520.0,NR,Nauru,Nauru,Yaren,Oceania,AUD,Dollar,674,9.0,Oceania,57.0,Micronesia,,,Independent,Developing,True,,,21.0,10065.0
NP,NPL,524.0,NP,Nepal,Nepal,Kathmandu,Asia,NPR,Rupee,977,142.0,Asia,34.0,Southern Asia,,,Independent,Developing,,True,True,140800.0,28951852.0
NL,NLD,528.0,NL,Netherlands,Netherlands,Amsterdam,Europe,EUR,Euro,31,150.0,Europe,155.0,Western Europe,,,Independent,Developed,,,,41526.0,16645000.0
AN,ANT,530.0,NT,Netherlands Antilles,,Willemstad,North America,ANG,Guilder,599,,,,,,,,,,,,960.0,300000.0
NC,NCL,540.0,NC,New Caledonia,New Caledonia,Noumea,Oceania,XPF,Franc,687,9.0,Oceania,54.0,Melanesia,,,Territory of FR,Developing,True,,,19060.0,216494.0
NZ,NZL,554.0,NZ,New Zealand,New Zealand,Wellington,Oceania,NZD,Dollar,64,9.0,Oceania,53.0,Australia and New Zealand,,,Independent,Developed,,,,268680.0,4252277.0
NI,NIC,558.0,NU,Nicaragua,Nicaragua,Managua,North America,NIO,Cordoba,505,19.0,Americas,419.0,Latin America and the Caribbean,13.0,Central America,Independent,Developing,,,,129494.0,5995928.0
NE,NER,562.0,NG,Niger,Niger,Niamey,Africa,XOF,Franc,227,2.0,Africa,202.0,Sub-Saharan Africa,11.0,Western Africa,Independent,Developing,,True,True,1267000.0,15878271.0
NG,NGA,566.0,NI,Nigeria,Nigeria,Abuja,Africa,NGN,Naira,234,2.0,Africa,202.0,Sub-Saharan Africa,11.0,Western Africa,Independent,Developing,,,,923768.0,154000000.0
NU,NIU,570.0,NE,Niue,Niue,Alofi,Oceania,NZD,Dollar,683,9.0,Oceania,61.0,Polynesia,,,Associated with NZ,Developing,True,,,260.0,2166.0
NF,NFK,574.0,NF,Norfolk Island,Norfolk Island,Kingston,Oceania,AUD,Dollar,672,9.0,Oceania,53.0,Australia and New Zealand,,,Territory of AU,Developed,,,,34.6,1828.0
KP,PRK,408.0,KN,North Korea,Democratic People's Republic of Korea,Pyongyang,Asia,KPW,Won,850,142.0,Asia,30.0,Eastern Asia,,,Independent,Developing,,,,120540.0,22912177.0
MP,MNP,580.0,CQ,Northern Mariana Islands,Northern Mariana Islands,Saipan,Oceania,USD,Dollar,-669,9.0,Oceania,57.0,Micronesia,,,Commonwealth of US,Developing,True,,,477.0,53883.0
NO,NOR,578.0,NO,Norway,Norway,Oslo,Europe,NOK,Krone,47,150.0,Europe,154.0,Northern Europe,,,Independent,Developed,,,,324220.0,5009150.0
OM,OMN,512.0,MU,Oman,Oman,Muscat,Asia,OMR,Rial,968,142.0,Asia,145.0,Western Asia,,,Independent,Developing,,,,212460.0,2967717.0
PK,PAK,586.0,PK,Pakistan,Pakistan,Islamabad,Asia,PKR,Rupee,92,142.0,Asia,34.0,Southern Asia,,,Independent,Developing,,,,803940.0,184404791.0
PW,PLW,585.0,PS,Palau,Palau,Melekeok,Oceania,USD,Dollar,680,9.0,Oceania,57.0,Micronesia,,,Independent,Developing,True,,,458.0,19907.0
PS,PSE,275.0,WE,Palestinian Territory,State of Palestine,East Jerusalem,Asia,ILS,Shekel,970,142.0,Asia,145.0,Western Asia,,,In contention,Developing,,,,5970.0,3800000.0
PA,PAN,591.0,PM,Panama,Panama,Panama City,North America,PAB,Balboa,507,19.0,Americas,419.0,Latin America and the Caribbean,13.0,Central America,Independent,Developing,,,,78200.0,3410676.0
PG,PNG,598.0,PP,Papua New Guinea,Papua New Guinea,Port Moresby,Oceania,PGK,Kina,675,9.0,Oceania,54.0,Melanesia,,,Independent,Developing,True,,,462840.0,6064515.0
PY,PRY,600.0,PA,Paraguay,Paraguay,Asuncion,South America,PYG,Guarani,595,19.0,Americas,419.0,Latin America and the Caribbean,5.0,South America,Independent,Developing,,True,,406750.0,6375830.0
PE,PER,604.0,PE,Peru,Peru,Lima,South America,PEN,Sol,51,19.0,Americas,419.0,Latin America and the Caribbean,5.0,South America,Independent,Developing,,,,1285220.0,29907003.0
PH,PHL,608.0,RP,Philippines,Philippines,Manila,Asia,PHP,Peso,63,142.0,Asia,35.0,South-eastern Asia,,,Independent,Developing,,,,300000.0,99900177.0
PN,PCN,612.0,PC,Pitcairn,Pitcairn,Adamstown,Oceania,NZD,Dollar,870,9.0,Oceania,61.0,Polynesia,,,Territory of GB,Developing,,,,47.0,46.0
PL,POL,616.0,PL,Poland,Poland,Warsaw,Europe,PLN,Zloty,48,150.0,Europe,151.0,Eastern Europe,,,Independent,Developed,,,,312685.0,38500000.0
PT,PRT,620.0,PO,Portugal,Portugal,Lisbon,Europe,EUR,Euro,351,150.0,Europe,39.0,Southern Europe,,,Independent,Developed,,,,92391.0,10676000.0
PR,PRI,630.0,RQ,Puerto Rico,Puerto Rico,San Juan,North America,USD,Dollar,+1-787 and 1-939,19.0,Americas,419.0,Latin America and the Caribbean,29.0,Caribbean,Commonwealth of US,Developing,True,,,9104.0,3916632.0
QA,QAT,634.0,QA,Qatar,Qatar,Doha,Asia,QAR,Rial,974,142.0,Asia,145.0,Western Asia,,,Independent,Developing,,,,11437.0,840926.0
CG,COG,178.0,CF,Republic of the Congo,Congo,Brazzaville,Africa,XAF,Franc,242,2.0,Africa,202.0,Sub-Saharan Africa,17.0,Middle Africa,Independent,Developing,,,,342000.0,3039126.0
RE,REU,638.0,RE,Reunion,RÃÂÃÂÃÂÃÂ©union,Saint-Denis,Africa,EUR,Euro,262,2.0,Africa,202.0,Sub-Saharan Africa,14.0,Eastern Africa,Part of FR,Developing,,,,2517.0,776948.0
RO,ROU,642.0,RO,Romania,Romania,Bucharest,Europe,RON,Leu,40,150.0,Europe,151.0,Eastern Europe,,,Independent,Developed,,,,237500.0,21959278.0
RU,RUS,643.0,RS,Russia,Russian Federation,Moscow,Europe,RUB,Ruble,7,150.0,Europe,151.0,Eastern Europe,,,Independent,Developed,,,,17100000.0,140702000.0
RW,RWA,646.0,RW,Rwanda,Rwanda,Kigali,Africa,RWF,Franc,250,2.0,Africa,202.0,Sub-Saharan Africa,14.0,Eastern Africa,Independent,Developing,,True,True,26338.0,11055976.0
BL,BLM,652.0,TB,Saint Barthelemy,Saint BarthÃÂÃÂÃÂÃÂ©lemy,Gustavia,North America,EUR,Euro,590,19.0,Americas,419.0,Latin America and the Caribbean,29.0,Caribbean,Part of FR,Developing,,,,21.0,8450.0
SH,SHN,654.0,SH,Saint Helena,Saint Helena,Jamestown,Africa,SHP,Pound,290,2.0,Africa,202.0,Sub-Saharan Africa,11.0,Western Africa,Territory of GB,Developing,,,,410.0,7460.0
KN,KNA,659.0,SC,Saint Kitts and Nevis,Saint Kitts and Nevis,Basseterre,North America,XCD,Dollar,-868,19.0,Americas,419.0,Latin America and the Caribbean,29.0,Caribbean,Independent,Developing,True,,,261.0,51134.0
LC,LCA,662.0,ST,Saint Lucia,Saint Lucia,Castries,North America,XCD,Dollar,-757,19.0,Americas,419.0,Latin America and the Caribbean,29.0,Caribbean,Independent,Developing,True,,,616.0,160922.0
MF,MAF,663.0,RN,Saint Martin,Saint Martin (French Part),Marigot,North America,EUR,Euro,590,19.0,Americas,419.0,Latin America and the Caribbean,29.0,Caribbean,Part of FR,Developing,,,,53.0,35925.0
PM,SPM,666.0,SB,Saint Pierre and Miquelon,Saint Pierre and Miquelon,Saint-Pierre,North America,EUR,Euro,508,19.0,Americas,21.0,Northern America,,,Part of FR,Developed,,,,242.0,7012.0
VC,VCT,670.0,VC,Saint Vincent and the Grenadines,Saint Vincent and the Grenadines,Kingstown,North America,XCD,Dollar,-783,19.0,Americas,419.0,Latin America and the Caribbean,29.0,Caribbean,Independent,Developing,True,,,389.0,104217.0
WS,WSM,882.0,WS,Samoa,Samoa,Apia,Oceania,WST,Tala,685,9.0,Oceania,61.0,Polynesia,,,Independent,Developing,True,,,2944.0,192001.0
SM,SMR,674.0,SM,San Marino,San Marino,San Marino,Europe,EUR,Euro,378,150.0,Europe,39.0,Southern Europe,,,Independent,Developed,,,,61.2,31477.0
ST,STP,678.0,TP,Sao Tome and Principe,Sao Tome and Principe,Sao Tome,Africa,STD,Dobra,239,2.0,Africa,202.0,Sub-Saharan Africa,17.0,Middle Africa,Independent,Developing,True,,True,1001.0,175808.0
SA,SAU,682.0,SA,Saudi Arabia,Saudi Arabia,Riyadh,Asia,SAR,Rial,966,142.0,Asia,145.0,Western Asia,,,Independent,Developing,,,,1960582.0,25731776.0
SN,SEN,686.0,SG,Senegal,Senegal,Dakar,Africa,XOF,Franc,221,2.0,Africa,202.0,Sub-Saharan Africa,11.0,Western Africa,Independent,Developing,,,True,196190.0,12323252.0
RS,SRB,688.0,RI,Serbia,Serbia,Belgrade,Europe,RSD,Dinar,381,150.0,Europe,39.0,Southern Europe,,,Independent,Developed,,,,88361.0,7344847.0
CS,SCG,891.0,YI,Serbia and Montenegro,,Belgrade,Europe,RSD,Dinar,381,,,,,,,,,,,,102350.0,10829175.0
SC,SYC,690.0,SE,Seychelles,Seychelles,Victoria,Africa,SCR,Rupee,248,2.0,Africa,202.0,Sub-Saharan Africa,14.0,Eastern Africa,Independent,Developing,True,,,455.0,88340.0
SL,SLE,694.0,SL,Sierra Leone,Sierra Leone,Freetown,Africa,SLL,Leone,232,2.0,Africa,202.0,Sub-Saharan Africa,11.0,Western Africa,Independent,Developing,,,True,71740.0,5245695.0
SG,SGP,702.0,SN,Singapore,Singapore,Singapore,Asia,SGD,Dollar,65,142.0,Asia,35.0,South-eastern Asia,,,Independent,Developing,True,,,692.7,4701069.0
SX,SXM,534.0,NN,Sint Maarten,Sint Maarten (Dutch part),Philipsburg,North America,ANG,Guilder,599,19.0,Americas,419.0,Latin America and the Caribbean,29.0,Caribbean,Part of NL,Developing,True,,,21.0,37429.0
SK,SVK,703.0,LO,Slovakia,Slovakia,Bratislava,Europe,EUR,Euro,421,150.0,Europe,151.0,Eastern Europe,,,Independent,Developed,,,,48845.0,5455000.0
SI,SVN,705.0,SI,Slovenia,Slovenia,Ljubljana,Europe,EUR,Euro,386,150.0,Europe,39.0,Southern Europe,,,Independent,Developed,,,,20273.0,2007000.0
SB,SLB,90.0,BP,Solomon Islands,Solomon Islands,Honiara,Oceania,SBD,Dollar,677,9.0,Oceania,54.0,Melanesia,,,Independent,Developing,True,,True,28450.0,559198.0
SO,SOM,706.0,SO,Somalia,Somalia,Mogadishu,Africa,SOS,Shilling,252,2.0,Africa,202.0,Sub-Saharan Africa,14.0,Eastern Africa,Independent,Developing,,,True,637657.0,10112453.0
ZA,ZAF,710.0,SF,South Africa,South Africa,Pretoria,Africa,ZAR,Rand,27,2.0,Africa,202.0,Sub-Saharan Africa,18.0,Southern Africa,Independent,Developing,,,,1219912.0,49000000.0
GS,SGS,239.0,SX,South Georgia and the South Sandwich Islands,South Georgia and the South Sandwich Islands,Grytviken,Antarctica,GBP,Pound,,19.0,Americas,419.0,Latin America and the Caribbean,5.0,South America,Territory of GB,Developing,,,,3903.0,30.0
KR,KOR,410.0,KS,South Korea,Republic of Korea,Seoul,Asia,KRW,Won,82,142.0,Asia,30.0,Eastern Asia,,,Independent,Developing,,,,98480.0,48422644.0
SS,SSD,728.0,OD,South Sudan,South Sudan,Juba,Africa,SSP,Pound,211,2.0,Africa,202.0,Sub-Saharan Africa,14.0,Eastern Africa,Independent,Developing,,True,True,644329.0,8260490.0
ES,ESP,724.0,SP,Spain,Spain,Madrid,Europe,EUR,Euro,34,150.0,Europe,39.0,Southern Europe,,,Independent,Developed,,,,504782.0,46505963.0
LK,LKA,144.0,CE,Sri Lanka,Sri Lanka,Colombo,Asia,LKR,Rupee,94,142.0,Asia,34.0,Southern Asia,,,Independent,Developing,,,,65610.0,21513990.0
SD,SDN,729.0,SU,Sudan,Sudan,Khartoum,Africa,SDG,Pound,249,2.0,Africa,15.0,Northern Africa,,,Independent,Developing,,,True,1861484.0,35000000.0
SR,SUR,740.0,NS,Suriname,Suriname,Paramaribo,South America,SRD,Dollar,597,19.0,Americas,419.0,Latin America and the Caribbean,5.0,South America,Independent,Developing,True,,,163270.0,492829.0
SJ,SJM,744.0,SV,Svalbard and Jan Mayen,Svalbard and Jan Mayen Islands,Longyearbyen,Europe,NOK,Krone,47,150.0,Europe,154.0,Northern Europe,,,Territory of NO,Developed,,,,62049.0,2550.0
SZ,SWZ,748.0,WZ,Swaziland,Eswatini,Mbabane,Africa,SZL,Lilangeni,268,2.0,Africa,202.0,Sub-Saharan Africa,18.0,Southern Africa,Independent,Developing,,True,,17363.0,1354051.0
SE,SWE,752.0,SW,Sweden,Sweden,Stockholm,Europe,SEK,Krona,46,150.0,Europe,154.0,Northern Europe,,,Independent,Developed,,,,449964.0,9828655.0
CH,CHE,756.0,SZ,Switzerland,Switzerland,Bern,Europe,CHF,Franc,41,150.0,Europe,155.0,Western Europe,,,Independent,Developed,,,,41290.0,7581000.0
SY,SYR,760.0,SY,Syria,Syrian Arab Republic,Damascus,Asia,SYP,Pound,963,142.0,Asia,145.0,Western Asia,,,Independent,Developing,,,,185180.0,22198110.0
TW,TWN,158.0,TW,Taiwan,Republic of China,Taipei,Asia,TWD,Dollar,886,142.0,Asia,30.0,Eastern Asia,,,Independent,,,,,35980.0,22894384.0
TJ,TJK,762.0,TI,Tajikistan,Tajikistan,Dushanbe,Asia,TJS,Somoni,992,142.0,Asia,143.0,Central Asia,,,Independent,Developing,,True,,143100.0,7487489.0
TZ,TZA,834.0,TZ,Tanzania,United Republic of Tanzania,Dodoma,Africa,TZS,Shilling,255,2.0,Africa,202.0,Sub-Saharan Africa,14.0,Eastern Africa,Independent,Developing,,,True,945087.0,41892895.0
TH,THA,764.0,TH,Thailand,Thailand,Bangkok,Asia,THB,Baht,66,142.0,Asia,35.0,South-eastern Asia,,,Independent,Developing,,,,514000.0,67089500.0
TL,TLS,626.0,TT,Timor Leste,Timor-Leste,Dili,Oceania,USD,Dollar,670,142.0,Asia,35.0,South-eastern Asia,,,Independent,Developing,True,,True,15007.0,1154625.0
TG,TGO,768.0,TO,Togo,Togo,Lome,Africa,XOF,Franc,228,2.0,Africa,202.0,Sub-Saharan Africa,11.0,Western Africa,Independent,Developing,,,True,56785.0,6587239.0
TK,TKL,772.0,TL,Tokelau,Tokelau,,Oceania,NZD,Dollar,690,9.0,Oceania,61.0,Polynesia,,,Territory of NZ,Developing,,,,10.0,1466.0
TO,TON,776.0,TN,Tonga,Tonga,Nuku'alofa,Oceania,TOP,Pa'anga,676,9.0,Oceania,61.0,Polynesia,,,Independent,Developing,True,,,748.0,122580.0
TT,TTO,780.0,TD,Trinidad and Tobago,Trinidad and Tobago,Port of Spain,North America,TTD,Dollar,-867,19.0,Americas,419.0,Latin America and the Caribbean,29.0,Caribbean,Independent,Developing,True,,,5128.0,1328019.0
TN,TUN,788.0,TS,Tunisia,Tunisia,Tunis,Africa,TND,Dinar,216,2.0,Africa,15.0,Northern Africa,,,Independent,Developing,,,,163610.0,10589025.0
TR,TUR,792.0,TU,Turkey,Turkey,Ankara,Asia,TRY,Lira,90,142.0,Asia,145.0,Western Asia,,,Independent,Developing,,,,780580.0,77804122.0
TM,TKM,795.0,TX,Turkmenistan,Turkmenistan,Ashgabat,Asia,TMT,Manat,993,142.0,Asia,143.0,Central Asia,,,Independent,Developing,,True,,488100.0,4940916.0
TC,TCA,796.0,TK,Turks and Caicos Islands,Turks and Caicos Islands,Cockburn Town,North America,USD,Dollar,-648,19.0,Americas,419.0,Latin America and the Caribbean,29.0,Caribbean,Territory of GB,Developing,,,,430.0,20556.0
TV,TUV,798.0,TV,Tuvalu,Tuvalu,Funafuti,Oceania,AUD,Dollar,688,9.0,Oceania,61.0,Polynesia,,,Independent,Developing,True,,True,26.0,10472.0
VI,VIR,850.0,VQ,U.S. Virgin Islands,United States Virgin Islands,Charlotte Amalie,North America,USD,Dollar,-339,19.0,Americas,419.0,Latin America and the Caribbean,29.0,Caribbean,Territory of US,Developing,True,,,352.0,108708.0
UG,UGA,800.0,UG,Uganda,Uganda,Kampala,Africa,UGX,Shilling,256,2.0,Africa,202.0,Sub-Saharan Africa,14.0,Eastern Africa,Independent,Developing,,True,True,236040.0,33398682.0
UA,UKR,804.0,UP,Ukraine,Ukraine,Kyiv,Europe,UAH,Hryvnia,380,150.0,Europe,151.0,Eastern Europe,,,Independent,Developed,,,,603700.0,45415596.0
AE,ARE,784.0,AE,United Arab Emirates,United Arab Emirates,Abu Dhabi,Asia,AED,Dirham,971,142.0,Asia,145.0,Western Asia,,,Independent,Developing,,,,82880.0,4975593.0
GB,GBR,826.0,UK,United Kingdom,United Kingdom of Great Britain and Northern Ireland,London,Europe,GBP,Pound,44,150.0,Europe,154.0,Northern Europe,,,Independent,Developed,,,,244820.0,62348447.0
US,USA,840.0,US,United States,United States of America,Washington,North America,USD,Dollar,1,19.0,Americas,21.0,Northern America,,,Independent,Developed,,,,9629091.0,310232863.0
UM,UMI,581.0,,United States Minor Outlying Islands,United States Minor Outlying Islands,,Oceania,USD,Dollar ,1,9.0,Oceania,57.0,Micronesia,,,Territories of US,Developing,,,,0.0,0.0
UY,URY,858.0,UY,Uruguay,Uruguay,Montevideo,South America,UYU,Peso,598,19.0,Americas,419.0,Latin America and the Caribbean,5.0,South America,Independent,Developing,,,,176220.0,3477000.0
UZ,UZB,860.0,UZ,Uzbekistan,Uzbekistan,Tashkent,Asia,UZS,Som,998,142.0,Asia,143.0,Central Asia,,,Independent,Developing,,True,,447400.0,27865738.0
VU,VUT,548.0,NH,Vanuatu,Vanuatu,Port Vila,Oceania,VUV,Vatu,678,9.0,Oceania,54.0,Melanesia,,,Independent,Developing,True,,True,12200.0,221552.0
VA,VAT,336.0,VT,Vatican,Holy See,Vatican City,Europe,EUR,Euro,379,150.0,Europe,39.0,Southern Europe,,,Independent,Developed,,,,0.44,921.0
VE,VEN,862.0,VE,Venezuela,Venezuela (Bolivarian Republic of),Caracas,South America,VES,Bolivar Soberano,58,19.0,Americas,419.0,Latin America and the Caribbean,5.0,South America,Independent,Developing,,,,912050.0,27223228.0
VN,VNM,704.0,VM,Vietnam,Viet Nam,Hanoi,Asia,VND,Dong,84,142.0,Asia,35.0,South-eastern Asia,,,Independent,Developing,,,,329560.0,89571130.0
WF,WLF,876.0,WF,Wallis and Futuna,Wallis and Futuna Islands,Mata Utu,Oceania,XPF,Franc,681,9.0,Oceania,61.0,Polynesia,,,Territory of FR,Developing,,,,274.0,16025.0
EH,ESH,732.0,WI,Western Sahara,Western Sahara,El-Aaiun,Africa,MAD,Dirham,212,2.0,Africa,15.0,Northern Africa,,,In contention,Developing,,,,266000.0,273008.0
YE,YEM,887.0,YM,Yemen,Yemen,Sanaa,Asia,YER,Rial,967,142.0,Asia,145.0,Western Asia,,,Independent,Developing,,,True,527970.0,23495361.0
ZM,ZMB,894.0,ZA,Zambia,Zambia,Lusaka,Africa,ZMW,Kwacha,260,2.0,Africa,202.0,Sub-Saharan Africa,14.0,Eastern Africa,Independent,Developing,,True,True,752614.0,13460305.0
ZW,ZWE,716.0,ZI,Zimbabwe,Zimbabwe,Harare,Africa,ZWL,Dollar,263,2.0,Africa,202.0,Sub-Saharan Africa,14.0,Eastern Africa,Independent,Developing,,True,,390580.0,13061000.0
,,895.0,,Advanced Economies,,,,,,,,,,,,,,,,,,,
,,896.0,,Africa,,,,,,,,,,,,,,,,,,,
,,897.0,,Americas,,,,,,,,,,,,,,,,,,,
,,898.0,,Asia,,,,,,,,,,,,,,,,,,,
,,899.0,,Channel Islands,,,,,,,,,,,,,,,,,,,
,,900.0,,Emerging and Developing Economies,,,,,,,,,,,,,,,,,,,
,,901.0,,Euro Area,,,,,,,,,,,,,,,,,,,
,,902.0,,G20,,,,,,,,,,,,,,,,,,,
,,903.0,,G7,,,,,,,,,,,,,,,,,,,
,,904.0,,Oceania,,,,,,,,,,,,,,,,,,,
,,905.0,,World,,,,,,,,,,,,,,,,,,,
,,906.0,,Advanced Economies excluding US,,,,,,,,,,,,,,,,,,,
,,907.0,,Emerging and Developing Countries Asia excluding China,,,,,,,,,,,,,,,,,,,
,,908.0,,Emerging and Developing Countries Europe,,,,,,,,,,,,,,,,,,,
,,909.0,,Europe,,,,,,,,,,,,,,,,,,,
,,910.0,,Latin America and the Caribbean,,,,,,,,,,,,,,,,,,,
,,911.0,,Middle East and Central Asia,,,,,,,,,,,,,,,,,,,
,,912.0,,Sub-Saharan Africa,,,,,,,,,,,,,,,,,,,
,,913.0,,Azores Island,,,,,,,,,,,,,,,,,,,
,,914.0,,Canary Island,,,,,,,,,,,,,,,,,,,
,,915.0,,Germany Dem Rep (former),,,,,,,,,,,,,,,,,,,
,,916.0,,Germany Fed Rep (former),,,,,,,,,,,,,,,,,,,
,,917.0,,Soviet Union (former),,,,,,,,,,,,,,,,,,,
